[
  {
    "id": "chunk_0",
    "text": "Chapter 1: Safety Procedures Always wear protective equipment. Follow lockout-tagout procedures before maintenance."
  },
  {
    "id": "chunk_1",
    "text": "Chapter 2: Installation Mount the unit on a flat surface. Use M8 bolts. Ensure power is off during installation."
  },
  {
    "id": "chunk_2",
    "text": "Chapter 3: Troubleshooting If the unit does not power on, check fuse F1, inspect the mains cable, and verify the power switch. Refer to the error code table in Appendix A for diagnostic codes."
  },
  {
    "id": "chunk_3",
    "text": "Chapter 4: Maintenance Clean filters every 3 months. Replace worn belts. Lubricate bearings as per schedule."
  }
]